mcc,category_name
4111,Public Transit
4121,Taxis & Rideshare
4511,Flights
4722,Vacation Activities
4814,Internet & Telecom
4899,Streaming & Media
4900,Electricity & Gas
5411,Supermarket
5422,Supermarket
5441,Supermarket
5451,Supermarket
5462,Cafes & Bakeries
5499,Supermarket
5541,Fuel
5542,Fuel
5611,Clothing & Shoes
5621,Clothing & Shoes
5651,Clothing & Shoes
5661,Clothing & Shoes
5691,Clothing & Shoes
5732,Electronics & Gadgets
5734,Software & Cloud
5812,Restaurants
5813,Bars & Nightlife
5814,Food Delivery & Takeaway
5912,Pharmacy & Drugstore
5921,Bars & Nightlife
5942,Hobbies & Entertainment
5999,Shopping & Personal
6011,Internal Transfer
6012,Bank & Service Fees
6211,Brokerage Deposits
6300,Home & Liability Insurance
7011,Lodging & Hotels
7523,Parking & Tolls
7538,Car Maintenance
7832,Hobbies & Entertainment
7997,Gym & Fitness
8011,Health Insurance
8021,Health Insurance
8049,Health Insurance
